{
  "version": 2,
  "name": "avreageradig-v2",
  "public": true,
  "routes": [
    {
      "src": "/api/(.*)",
      "dest": "/api/$1"
    },
    {
      "src": "/favicon.ico",
      "dest": "/favicon.ico"
    },
    {
      "src": "/stylish",
      "dest": "/avreagera-dig-stylish.html"
    },
    {
      "src": "/sven",
      "dest": "/bastugubben-sven.html"
    },
    {
      "src": "/sofia", 
      "dest": "/avreagera-dig-complete.html"
    },
    {
      "src": "/demo",
      "dest": "/demo.html"
    },
    {
      "src": "/",
      "dest": "/avreagera-dig-stylish.html"
    }
  ]
}